Date,Close,High,Low,Open,Volume
2024-01-17,52.55107116699219,52.851233152171325,52.40751494793573,52.652211690863425,14827800
2024-01-18,53.259056091308594,53.3079946874324,52.423825436047316,52.58043118390881,18190500
2024-01-19,52.97846984863281,53.36672276184344,52.67178126155973,53.32104375218601,19175400
2024-01-22,52.98173522949219,53.164440073902846,52.691359496350614,53.11223815638899,13938300
2024-01-23,53.11549377441406,53.13180663791075,52.77944281234212,52.89363659059405,12066600
2024-01-24,52.36509704589844,53.20359102363925,52.306368490098976,53.14812578768012,22932900
2024-01-25,53.1285400390625,53.13832999682129,52.33898479972325,52.658722878562465,16369500
2024-01-26,53.5951042175293,53.63098953240829,53.06982176633414,53.1970613626765,15746400
2024-01-29,53.84632110595703,53.967037790670474,53.35040482291739,53.62120060020628,18240300
2024-01-30,54.0257682800293,54.09754637629162,53.38303246705111,53.735396309147866,15270000
2024-01-31,53.91484451293945,54.74681562873716,53.869169234087835,54.74681562873716,26134800
2024-02-01,54.9132080078125,54.926261287957786,53.892009129215154,54.061664433346024,20792700
2024-02-02,55.32429504394531,55.65381939364113,54.78595930388364,54.86100072227565,21670800
2024-02-05,55.02739715576172,55.467848245269785,54.834902361421165,55.467848245269785,19145100
2024-02-06,55.40259552001953,55.44827452807279,54.9229920718881,55.06980785377971,14181300
2024-02-07,55.262306213378906,55.6799215495536,55.2035813903391,55.55268194378362,17082600
2024-02-08,55.25904083251953,55.644026663130376,55.183999417864975,55.262300418298885,14427900
2024-02-09,55.229679107666016,55.376498629163414,55.112225730733414,55.26556815808647,14329800
2024-02-12,55.56246566772461,55.582041852448235,55.15463657582919,55.21336513000007,14795100
2024-02-13,55.18400192260742,55.813688209315,54.90015284887852,55.66686869289649,18574200
2024-02-14,55.007816314697266,55.09916685760643,54.66197912486575,55.05675490563613,18484500
2024-02-15,55.232940673828125,55.415649239944955,54.802275816231905,55.39933264138505,16948800
2024-02-16,55.58203887939453,56.09427177323327,55.2329383603432,55.55919937614273,22373400
2024-02-20,57.37648010253906,59.167661705410225,57.17093577447113,58.23128687680869,71788500
2024-02-21,56.67176818847656,57.285141717080556,56.37812910459061,57.095906479179284,40501500
2024-02-22,57.22966766357422,57.24924384840469,56.54451612960968,56.73048428483593,29512800
2024-02-23,57.27860641479492,57.96049463084933,57.19704208925867,57.451525025197064,74365800
2024-02-26,58.335693359375,58.57060384056996,56.94581785811243,57.86587613076052,32154800
2024-02-27,58.3259162902832,58.531460659986585,57.96376615312352,58.37485489253029,18012700
2024-02-28,58.35527038574219,58.492299946009496,58.05184885480043,58.28675560560853,14803300
2024-02-29,57.366695404052734,58.22802884039621,57.34711921984318,58.18887647197711,29245100
2024-03-01,57.51350784301758,57.60159879995417,56.96538965210113,57.55266020916165,19030900
2024-03-04,58.04206085205078,58.13015182001719,57.16115490616226,57.25903210000245,16033300
2024-03-05,58.76636505126953,59.06000036791462,58.316123983495345,58.59996934044608,19676900
2024-03-06,59.285118103027344,59.334056697861925,58.76636227698496,58.8446632819652,12698700
2024-03-07,59.07957458496094,59.77451234907956,59.06978462559278,59.70599756860451,16195300
2024-03-08,58.84465789794922,59.001263627356444,58.46293166588004,58.727204534337574,12143600
2024-03-11,59.373207092285156,59.42214568549187,58.59996462478289,58.82508514055406,14154000
2024-03-12,60.1072998046875,60.26390555002214,59.36342344779185,59.65705875357236,16613100
2024-03-13,59.98005676269531,60.15623869377905,59.588544264334615,59.96048057771095,15935200
2024-03-14,59.92898178100586,60.34147051299467,59.516489302525386,60.18433141321441,16584700
2024-03-15,59.59506607055664,60.056663856650516,59.37899838404597,59.59506607055664,50946300
2024-03-18,59.77184295654297,59.81112866829191,59.31024520972217,59.60488055485583,16801700
2024-03-19,59.78166580200195,59.978090625067445,59.51649285283733,59.879880086780645,12353600
2024-03-20,60.15487289428711,60.184335306623225,59.653993152113564,59.75220369089523,12007600
2024-03-21,60.35129928588867,60.55754367058224,59.95844962757444,60.184336869832926,14265900
2024-03-22,59.78166580200195,60.42986509557374,59.76202294504622,60.223620717276326,14029400
2024-03-25,59.48703384399414,59.899526370680185,59.28078945389717,59.78166922220297,14186600
2024-03-26,59.4281005859375,59.742382543947876,59.153108087481705,59.37899531785494,13738300
2024-03-27,59.63435363769531,59.95845143103473,59.30043254203197,59.781669454125186,14363400
2024-03-28,59.094181060791016,59.68345553264268,59.08436150551484,59.575421692145284,17535100
2024-04-01,58.92722702026367,59.67363691406378,58.85847888845941,59.23168570860556,13837600
2024-04-02,58.10224151611328,59.0254333243406,57.82724900866087,58.829012245584266,19510100
2024-04-03,58.367408752441406,58.43615687257217,57.886168165034526,58.31830348756109,14615100
2024-04-04,58.436161041259766,58.74061969962356,58.22991666615454,58.47544675456319,14436100
2024-04-05,58.779911041259766,58.966516335966844,58.42635080461502,58.48527563747626,10335900
2024-04-08,58.71115493774414,58.966508333797705,58.35759100258807,58.5343729701661,11070100
2024-04-09,58.720977783203125,58.897759749407314,58.23973715376021,58.79954546457616,10013500
2024-04-10,59.536136627197266,59.673632881514244,58.32812900449414,58.554016243228034,15097600
2024-04-11,59.0156135559082,59.80130910757236,58.99597069880511,59.66381285434262,10987600
2024-04-12,59.06471252441406,59.63434408015989,58.87811102157914,58.92721628585238,12280600
2024-04-15,58.85847473144531,59.614707874373735,58.838831874246814,59.428102604233985,10557200
2024-04-16,58.77008819580078,59.21204314999016,58.71115961974479,58.956689733573086,14726300
2024-04-17,58.58348083496094,59.349533515083785,58.50490940802944,59.07454101380724,15329700
2024-04-18,58.20045471191406,58.86829690034507,58.161172742265016,58.76026680069508,12061500
2024-04-19,58.46562576293945,58.603122018442015,57.9156407409292,58.38705807972026,14165800
2024-04-22,59.06471252441406,59.32006589302134,57.9843817244367,58.49508471515974,14910000
2024-04-23,58.03349304199219,59.27096306461524,57.51297044271711,59.17275252582474,17963900
2024-04-24,58.7995491027832,58.96651152408097,57.75850384460181,57.92546251940746,18529100
2024-04-25,59.13346862792969,59.447746857502274,58.76026557186976,58.9763295131434,19263000
2024-04-26,59.0843620300293,59.310249268305554,58.927222918772244,59.035256760228705,11045200
2024-04-29,59.162933349609375,59.310249158739,58.86829423836626,59.10400477806237,9785100
2024-04-30,58.288841247558594,59.22185632893526,58.10223972987998,59.123645792576376,14209200
2024-05-01,57.79778289794922,58.34777165980553,57.67010994594931,58.2495611203453,15464300
2024-05-02,58.64240646362305,58.819188430153666,57.53261314167094,57.886173328240275,17574100
2024-05-03,58.75044250488281,58.9075816202979,58.0826003277457,58.55401767399095,14207400
2024-05-06,58.7995491027832,58.92722580771772,58.328131745900514,58.92722580771772,11119400
2024-05-07,59.536136627197266,59.71291859603108,58.97632830805416,59.094181705112725,14520200
2024-05-08,59.221858978271484,59.76202444539371,59.14329129496795,59.54596050644001,11015700
2024-05-09,59.5648193359375,59.702795275096754,59.081916706989894,59.328296673441514,14550500
2024-05-10,59.60424041748047,59.7027946587196,59.28887436443506,59.53525432834303,12356600
2024-05-13,59.53525161743164,60.4616388861374,59.41699029278956,59.7422098754202,19260500
2024-05-14,58.99321746826172,59.673224795745874,58.57929718584456,59.64366040395171,18780100
2024-05-15,58.96365737915039,59.072061410126,58.60886961389185,58.96365737915039,22240600
2024-05-16,63.0831298828125,63.48718912543122,62.02862014818458,63.29008815619087,60545600
2024-05-17,63.713863372802734,63.94052874039575,62.70863261839762,63.30979660260275,29330400
2024-05-20,63.25066375732422,63.8222670701979,62.94515125291313,63.48718641409552,15001400
2024-05-21,64.20662689208984,64.24604859275682,63.516758408798665,63.59560181013262,17131700
2024-05-22,64.30516815185547,64.73879927801417,63.79270115460205,64.03908110920686,14879400
2024-05-23,63.90110397338867,64.57125777747797,63.62515961622011,64.22632733101726,16222900
2024-05-24,64.43328857421875,64.738804857123,64.06865102208812,64.18690859838122,11795000
2024-05-28,64.09821319580078,64.52198704031862,63.80255422746931,64.27560707301569,13349600
2024-05-29,63.97995376586914,64.26575545549973,63.71386668596236,63.81241717781966,11538600
2024-05-30,63.95038986206055,64.22633424895159,63.83212475956984,63.989811562890786,13051900
2024-05-31,64.80778503417969,64.94575720654149,63.23095483653092,63.73356452774056,27632200
2024-06-03,64.86691284179688,64.88661992944397,64.21647368457197,64.56140411029119,11578700
2024-06-04,65.63562774658203,65.67504944720106,64.87678068669715,65.03445997025271,14780800
2024-06-05,66.11852264404297,66.17765894747608,65.32025397743323,65.60605563411417,14982700
2024-06-06,66.17765808105469,66.46345973399382,65.80315573358705,66.08895738652618,13256000
2024-06-07,64.9260482788086,66.59157931518631,64.68952560820233,66.42404273679522,20213200
2024-06-10,65.99040985107422,66.35505491121182,65.31039873205974,66.21708273038568,21659500
2024-06-11,65.76374053955078,65.9904058863241,65.38923819787742,65.9805485828802,13367500
2024-06-12,65.3498306274414,65.97071305697065,64.94577132594374,65.88201234464314,11704700
2024-06-13,65.73416900634766,65.79330530843086,64.99502914112372,65.33996709336385,11196600
2024-06-14,66.0495376586914,66.13823835586233,65.33996967592319,65.57649233684593,12590100
2024-06-17,66.44374084472656,66.46345545064884,65.4483712943056,65.9509809615371,12103000
2024-06-18,66.62113952636719,66.88723409314771,66.32548808640175,66.65070391847176,12093500
2024-06-20,67.02520751953125,67.14346509015611,66.32548932396152,66.37476080541528,13860800
2024-06-21,66.92664337158203,67.557375349188,66.84779999465171,67.27157374700431,25883000
2024-06-24,67.90231323242188,68.04028539784608,66.91679346858098,67.06462293694094,12470400
2024-06-25,66.44374084472656,66.61127740047039,65.58634346008513,66.19736090313182,20869200
2024-06-26,67.30116271972656,67.60667151829054,66.23679929909454,66.42405050798008,14177500
2024-06-27,66.89707946777344,67.58694782005318,66.69012121776527,67.30114618368404,12899200
2024-06-28,66.72954559326172,67.11389771857222,66.3451934679512,66.88723237232216,18816700
2024-07-01,66.50289154052734,67.25188131149946,66.27621863686424,66.906950822378,8666000
2024-07-02,67.08433532714844,67.09419263086345,66.28606666138545,66.46346053365718,9436500
2024-07-03,67.25186920166016,67.26172650498029,66.64085173636069,66.82809538592694,6287500
2024-07-05,69.02581787109375,69.13422566659041,67.11390677115688,67.17304308074081,21586100
2024-07-08,68.6710205078125,69.12435871712721,68.34579716669995,68.8878360685542,12077700
2024-07-09,68.8878402709961,69.23277072098213,68.66116739305104,68.8878402709961,9758400
2024-07-10,69.39046478271484,69.42002917882415,68.71045359651811,69.08494847877044,10803400
2024-07-11,68.78929138183594,69.42987329568662,68.25710973856117,69.16378623350927,15624800
2024-07-12,68.23738861083984,69.01595015241907,68.16840252583506,68.88783528567286,12145300
2024-07-15,68.60203552246094,68.95682326047128,68.29652678319852,68.29652678319852,10171100
2024-07-16,68.97653198242188,69.22291194415826,68.57247275501246,68.80899541298186,9836800
2024-07-17,70.00148010253906,70.07046619755009,68.93711676329436,69.16378965771368,13533800
2024-07-18,69.79451751708984,70.15916257906346,69.41016536586466,69.656545335569,10682700
2024-07-19,69.72554016113281,70.29714356699478,69.62698966468925,70.16902115458932,11665500
2024-07-22,69.36089324951172,70.22815564106918,69.21307126815144,69.83394614662676,12666100
2024-07-23,69.62698364257812,69.67625512707791,69.09480198510671,69.44958975675432,9263600
2024-07-24,69.57770538330078,69.81422806062207,69.32146809683252,69.49886198455357,22490800
2024-07-25,69.006103515625,69.74524347732113,68.93711741995685,69.57770689054426,18821200
2024-07-26,68.76956939697266,69.22290759582015,67.8333286087536,69.21305781159163,16789300
2024-07-29,68.61188507080078,68.88782938719231,68.12897499819691,68.83855039401438,10315300
2024-07-30,68.18812561035156,68.83856484713588,67.98116732960564,68.54291338275038,12522500
2024-07-31,67.64608001708984,68.24724771034799,67.30114958298752,68.17826162352752,22908800
2024-08-01,68.77942657470703,68.78928387783684,67.52781223939532,67.91217187226529,17275500
2024-08-02,67.46868896484375,69.22291311915609,66.75911345997137,68.5921810079184,23578700
2024-08-05,66.61128234863281,67.58695240344653,65.94113607587624,67.1138995721199,20770500
2024-08-06,66.75911712646484,67.6362292517931,66.69998833745134,66.85766761446078,14815100
2024-08-07,65.94112396240234,67.02519408301943,65.8425659814131,66.88722193233643,18499200
2024-08-08,66.6802749633789,66.93650470423682,65.70460492308294,65.87214148877918,12489800
2024-08-09,66.96607208251953,67.23216665771105,66.35505457592548,66.86752159941597,13805600
2024-08-12,67.70521545410156,68.21769002277652,67.08434061170105,67.35042768160976,17385300
2024-08-13,67.14347076416016,67.61652364339467,66.16780812945697,67.43912975354678,26557900
2024-08-14,67.6657943725586,67.7939092422004,66.86751820641024,66.93650429297422,22928600
2024-08-15,72.12035369873047,73.36211100054986,71.72614419605057,73.04674490219011,49567500
2024-08-16,72.59276580810547,72.75090207569619,71.6736194887031,71.85151901956654,19872100
2024-08-19,72.859619140625,73.11658680622212,72.48404927390176,72.53346874279238,13709300
2024-08-20,73.67005157470703,73.87759977961346,72.85962201920698,72.88927068557182,14434000
2024-08-21,74.36186218261719,74.69789791991984,73.71944690805252,74.42116704234759,14832000
2024-08-22,74.6978988647461,75.33042874729784,74.27291714299874,74.4903507039417,16511100
2024-08-23,74.81649780273438,74.92521458945095,74.13455596101846,74.71766641672424,12299100
2024-08-26,75.14265441894531,75.32055394471529,74.68802397316695,75.01417436047058,9508200
2024-08-27,75.24148559570312,75.55775058056315,74.8856865451916,75.55775058056315,11557800
2024-08-28,75.19207763671875,75.53799130398293,74.9252245645775,75.38974043505473,9814300
2024-08-29,75.5280990600586,75.57751852534201,74.7868523229177,75.10311729581707,11856800
2024-08-30,76.32865142822266,76.56584827518535,75.33043703424161,75.547870619104,23230000
2024-09-03,76.26934814453125,76.9018781097973,75.90367123544578,76.42748440602374,22666100
2024-09-04,76.3385238647461,76.57572823520567,75.83448154330985,76.42747738875626,18442800
2024-09-05,76.06179809570312,76.54607718905987,75.49845087353458,76.34841440738212,13082900
2024-09-06,75.74554443359375,76.41760854816505,75.40951614648455,76.00251212043501,14548600
2024-09-09,76.43737030029297,76.56585791134702,75.59729205879391,75.9530911441928,22260200
2024-09-10,77.89020538330078,77.97915891349142,76.37806323322609,76.44724596099579,17686300
2024-09-11,77.91985321044922,77.99892133858093,76.66467872285303,77.46522278421942,19518800
2024-09-12,78.73029327392578,78.97737552867898,77.70243018931026,78.0681071005197,14877700
2024-09-13,79.65930938720703,79.74826291092634,78.7599339916301,78.88841403661216,12994100
2024-09-16,79.61978912353516,80.07441960035578,79.20469271517969,79.8965200624388,15346400
2024-09-17,77.68265533447266,79.32328503982897,77.34662710490423,78.82912055609779,21065900
2024-09-18,78.1076431274414,78.48321298992228,77.36639634456878,77.72219540357582,15684900
2024-09-19,77.12918853759766,78.16692936211062,76.58560462450673,78.12740284147776,21525700
2024-09-20,78.13727569580078,78.68085957406844,77.19836631372098,77.31696848907501,39534300
2024-09-23,79.39246368408203,79.5011804681415,78.1471671378062,78.1471671378062,12147300
2024-09-24,79.7284927368164,79.96569710836545,79.30351099656352,79.54071536811256,14651100
2024-09-25,80.4499740600586,80.64763682414417,79.73837604478877,79.94592420918394,14163800
2024-09-26,78.98725128173828,80.25231118585533,78.33495806758185,80.09418246801661,17061100
2024-09-27,78.84889221191406,79.35294215027928,78.67099267721765,78.96749441516248,11899100
2024-09-30,79.80757141113281,79.99535634501292,78.92795915298753,78.95760781826284,18997000
2024-10-01,80.32149505615234,80.57846270919096,79.50118771126495,79.73838456157263,16054200
2024-10-02,79.4913101196289,80.04477200483974,79.18493051036614,80.04477200483974,16618300
2024-10-03,79.4913101196289,79.63956099326829,78.91807742974474,79.36283005066286,11640400
2024-10-04,79.99535369873047,80.16336782330085,78.91807114046618,79.11574146968314,11583400
2024-10-07,78.17682647705078,79.9953558530608,78.05823181667883,79.74827359014954,16791600
2024-10-08,78.77970886230469,78.88842566267735,78.14717886396502,78.69076286582835,15270000
2024-10-09,79.46165466308594,79.56048605694964,78.8192392924439,78.88842202218369,12413000
2024-10-10,78.68087768554688,79.38259041879586,78.53262681731627,79.37270501681985,10812700
2024-10-11,79.16515350341797,79.19480216775246,78.44367753677186,78.7698203848033,9570700
2024-10-14,79.35294342041016,79.57037702633629,78.8291302099622,79.11574655046915,9914500
2024-10-15,80.69706726074219,80.8650813871012,79.57037276344316,79.72850148814807,13276200
2024-10-16,80.27207946777344,80.70694662379083,79.67908359888253,80.57845903295755,11123300
2024-10-17,79.94593811035156,80.54881944809927,79.70874124413436,80.32150044355815,9424700
2024-10-18,80.36103820800781,80.73660809884342,79.71863031329951,79.92617852333105,12324100
2024-10-21,79.86686706542969,80.59823598184833,79.77792107147053,80.28197099162887,9750400
2024-10-22,81.062744140625,81.27029987350454,79.88663771630303,80.16336863967291,12240100
2024-10-23,82.29815673828125,82.36733947021973,80.84531936757317,80.93426536277167,13058200
2024-10-24,82.07083892822266,82.347569834562,81.61620850490065,81.99177080059665,11645900
2024-10-25,81.54703521728516,82.32781610217508,81.47785248269251,82.22897716102626,8959400
2024-10-28,81.78423309326172,82.11038350621857,81.50750215148716,81.78423309326172,7990200
2024-10-29,80.7464828491211,81.89294820170575,80.71683418316674,81.70516326352491,9682400
2024-10-30,80.44009399414062,80.87496115238847,80.35114800650899,80.64764217229938,9268800
2024-10-31,80.9935531616211,81.47783976855209,80.27207726207307,80.34125998587015,15539000
2024-11-01,81.23076629638672,81.56679455097292,80.58835091163715,81.56679455097292,12181800
2024-11-04,81.48772430419922,81.94236228679637,81.04297926340668,81.24064205034738,11731000
2024-11-05,82.703369140625,82.79231512923313,81.54702604660909,81.71504016310335,10612500
2024-11-06,82.46617889404297,84.5416684047929,81.10227997013553,84.14633527408998,19974000
2024-11-07,82.87138366699219,83.4050822223357,82.4464019029419,82.74290361380554,12665800
2024-11-08,83.83995056152344,84.42306104994172,83.24695467184415,83.29636659744553,14396500
2024-11-11,83.22718048095703,84.41317975238276,83.13823449428465,83.95854179710773,10433200
2024-11-12,83.99808502197266,84.53178362127271,83.51380589200407,83.51380589200407,12860200
2024-11-13,84.50214385986328,84.78876022341163,83.78066024950321,83.99809387290907,12802600
2024-11-14,83.4841537475586,84.7590990915866,83.35566614879208,84.03761558731573,15740700
2024-11-15,83.26671600341797,83.7905291528289,82.96033643459685,83.54344690949532,17370600
2024-11-18,83.09870147705078,83.8597114650034,82.68360511998573,83.83006280240612,25093800
2024-11-19,85.58929443359375,87.25957294513711,84.90735251484682,85.22361751001486,36340900
2024-11-20,86.16252136230469,86.18228462428395,84.90734686694778,85.58928874033303,18183200
2024-11-21,87.3583984375,87.60548068391003,85.91543902330767,86.42936677808575,18729200
2024-11-22,89.38447570800781,89.84899153685126,87.8920968311676,88.36649806114755,23990600
2024-11-25,88.45545196533203,89.88852610393667,88.02058476063439,89.44378103757039,25078600
2024-11-26,90.24432373046875,90.80767099102448,88.79147881104807,88.8408982800109,16657000
2024-11-27,90.80767059326172,91.17335505706892,90.24432333517359,90.92627279404162,14358900
2024-11-29,91.42044067382812,91.55880614297112,90.74837659212534,91.18324380391907,11041200
2024-12-02,91.55880737304688,91.90472105055166,90.87685787999986,91.73670691295685,17173000
2024-12-03,92.41864776611328,92.49770835618567,91.18323650455282,91.69716427160712,17775200
2024-12-04,93.34767150878906,93.41685423752698,91.96401693403087,92.35934250376069,17312600
2024-12-05,94.1877670288086,94.48426123706078,93.23896444941407,93.7825484750721,21932300
2024-12-06,94.58308410644531,95.05748535334169,94.21740719522403,94.42495538438119,18803500
2024-12-09,92.73490905761719,94.82028378738414,92.50759007678003,94.54355288226179,20931100
2024-12-10,93.4465103149414,94.12845220004758,92.67560735816835,92.95234581309688,13164500
2024-12-11,93.85173034667969,94.57321390678543,93.39709986593122,93.43663393473796,19682100
2024-12-12,92.99186706542969,94.60284807593123,92.99186706542969,94.56331401318288,14298600
2024-12-13,93.35638427734375,93.78230760603728,92.15785759824281,92.91065390043416,11495900
2024-12-16,93.97051239013672,94.80254447606669,93.20780875430958,93.5247744380531,16742000
2024-12-17,94.51529693603516,94.58463294597753,93.42572782677294,94.23795289626568,23560800
2024-12-18,92.66303253173828,94.99075009404066,92.2470089113697,94.43605445256868,24665600
2024-12-19,92.51445007324219,93.67335516337417,92.47482841754646,93.58421210585237,16606500
2024-12-20,91.36544799804688,92.86113343657499,90.76123095192156,92.12815167262531,49350600
2024-12-23,89.49337005615234,90.6324681619492,88.0670281550264,90.6324681619492,26205400
2024-12-24,91.80126953125,91.80126953125,89.4933592442772,89.51317384939067,8992400
2024-12-26,91.91024017333984,91.99938323777174,91.29611579803823,91.66261047383965,10994000
2024-12-27,90.79094696044922,91.4743997193131,90.16691534780486,91.2564843978854,11384400
2024-12-30,89.71128845214844,90.20654785788119,89.2754577568448,89.86977508937115,9790200
2024-12-31,89.49337005615234,90.07778006468126,89.20611870376472,89.71128539638148,11267700
2025-01-02,89.14668273925781,89.74099244610794,88.67123043954294,89.12687569042124,14820400
2025-01-03,89.9192886352539,90.43436260414279,89.28535725589694,89.29526455912199,10834600
2025-01-06,90.56311798095703,91.59325825547123,89.81032171168563,89.9688083187143,14519900
2025-01-07,89.9489974975586,91.06828842486809,89.59241017380343,90.83055850432619,11238000
2025-01-08,90.92961883544922,90.97914023575296,89.95890719338979,90.24615852055985,13453600
2025-01-10,92.11823272705078,92.6927353469993,91.32581479904889,91.61306610902314,18140900
2025-01-13,90.66217803955078,91.55364640689831,90.23625468387687,91.24658801922344,18617100
2025-01-14,89.92919921875,91.10791896260804,89.71128388219893,90.98905399074607,13549200
2025-01-15,90.4739761352539,90.86028538802577,89.94900242349202,90.20653940632057,17348200
2025-01-16,90.43436431884766,90.85038037749025,89.26555189904826,90.63246504475605,13267700
2025-01-17,91.06829833984375,91.38526404468462,90.18673723709702,91.19706305969649,15868200
2025-01-21,92.1974868774414,93.34648469544993,91.43478320952951,91.60317714005367,23247500
2025-01-22,92.3460693359375,93.10876547268242,91.64279435077272,92.88094282780307,15567100
2025-01-23,92.92056274414062,92.92056274414062,91.44469190316171,92.07862330695366,14198400
2025-01-24,93.86156463623047,94.10919433895381,92.5738871592456,92.65313047781117,14973800
2025-01-27,96.47652435302734,96.53595305766915,93.9209842546171,94.99074628051787,18880600
2025-01-28,96.36756134033203,96.91234206910923,95.81287330897848,96.30813263898919,14641600
2025-01-29,96.57557678222656,97.23922252180532,96.29823274521205,96.50624077297293,11261400
2025-01-30,97.71466827392578,97.99201229230293,96.49632698513166,96.76377125789371,11012200
2025-01-31,97.22932434082031,98.06135646525874,96.77367906460877,98.06135646525874,16391200
2025-02-03,98.59623718261719,98.84386686986797,95.55534492545995,95.8524960159259,20484200
2025-02-04,99.81456756591797,99.99286123686541,98.74481309729137,99.02215712830782,15201200
2025-02-05,101.48855590820312,101.6074208854084,99.58676161527126,99.69571928844474,15926700
2025-02-06,101.8748550415039,102.0432414204593,100.97348688110966,101.55788933409318,13088500
2025-02-07,100.19097137451172,102.1323871847352,100.15134971833677,102.02342951951861,12451100
2025-02-10,101.9441909790039,101.95409828277594,100.29002643082656,100.98338655369773,15274600
2025-02-11,101.49845886230469,101.87485327173542,100.88433450865183,101.64703818817891,11953600
2025-02-12,102.62763977050781,102.91489109100327,101.07252576441708,101.15176907153122,15162100
2025-02-13,104.05398559570312,104.2421789974928,102.54839303904103,103.01393800646868,12604400
2025-02-14,103.05357360839844,104.30162937300952,102.61774293188633,104.30162937300952,14109500
2025-02-18,102.79603576660156,103.00404379948189,101.53808026573715,102.73660705922387,18247300
2025-02-19,103.01394653320312,103.21204725371298,101.57769741686151,102.8653672142917,18508000
2025-02-20,96.28832244873047,99.17073550894138,95.76334874397789,97.843436513985,55450900
2025-02-21,93.88136291503906,95.93173635971841,93.22762449060554,95.61477067213227,35014800
2025-02-24,92.7818832397461,93.74268757155963,91.2465838150523,93.28704988414393,29755900
2025-02-25,96.76377868652344,96.98169401970864,93.34648447959408,93.45544214618668,29331200
2025-02-26,95.28790283203125,97.79392167281675,95.15913811222791,96.77368098985123,19069700
2025-02-27,95.872314453125,97.11046293884509,94.90160271521465,94.990753335857,16431500
2025-02-28,97.67505645751953,97.92268614987567,96.24870701128947,96.86283136887374,25451300
2025-03-03,96.66471862792969,98.546705714555,95.91192983892607,97.05102788270388,18372200
2025-03-04,94.0695571899414,96.12983779104272,93.56439056359135,94.85206782854405,25227700
2025-03-05,95.06999206542969,95.47610081948031,93.85165068916133,94.06956602126284,17639000
2025-03-06,93.74269104003906,95.27799807859704,93.28705333576475,93.90117766259957,19957800
2025-03-07,90.85037994384766,93.05923249971036,89.89948286132123,93.049332753403,35913200
2025-03-10,86.98735809326172,89.37451195673795,85.78883128821386,88.90896692563288,35148800
2025-03-11,86.61095428466797,88.50284100075326,86.31379566303517,86.46237497385157,28687600
2025-03-12,84.39219665527344,88.25522139138677,84.07523094937514,87.04678727606868,33301600
2025-03-13,83.6988296508789,84.63981938744432,83.07480559414101,84.13466029453846,31507800
2025-03-14,84.54076385498047,84.56057845960197,83.2629939109614,84.15446219249301,35500600
2025-03-17,86.63076782226562,87.15574154369233,84.17428558671081,84.32285735159894,26297800
2025-03-18,84.77849578857422,86.84868389606159,84.68935272887917,86.61096151314983,17850900
2025-03-19,85.51148223876953,85.96711993953909,84.80821485994751,85.13508029161264,24555900
2025-03-20,84.99640655517578,86.25436952615934,84.70915522760518,84.99640655517578,18185500
2025-03-21,85.39867401123047,85.64698370731384,84.20678292334394,84.70340231551069,26797200
2025-03-24,86.8984603881836,87.05738223334612,85.7661687637379,85.88536014760979,17900700
2025-03-25,84.18692016601562,86.71967447979165,84.04786734460724,86.1733977036331,27908600
2025-03-26,84.63388061523438,84.98151269354145,83.99820836409832,84.61401917267868,27228800
2025-03-27,85.05104064941406,85.52779863530533,84.20678913600499,84.20678913600499,16782800
2025-03-28,84.57428741455078,85.24969011826583,84.12732539687725,84.85239307293742,14790600
2025-03-31,87.1964340209961,87.60365798320893,83.79955918809445,84.18692170880372,30269300
2025-04-01,88.22940063476562,88.50750627437615,86.77927295836052,86.94812172843686,22080300
2025-04-02,89.15311431884766,89.54047683379989,87.5242033385843,87.60365668122827,19384100
2025-04-03,86.6700210571289,89.27230190078171,85.69664368488351,85.69664368488351,33012900
2025-04-04,82.6275405883789,86.79914063799279,82.09119071151811,85.0609726876852,36209000
2025-04-07,83.2632064819336,85.67677695481483,79.27038245133487,79.69747541823354,36884900
2025-04-08,81.23699951171875,86.38197661835649,80.48213592841074,85.26954647336629,34351700
2025-04-09,88.99420166015625,90.18609285651779,82.45868804576473,82.76659724984236,46632800
2025-04-10,89.99736785888672,91.24885086289811,87.56393584124129,88.1300816515161,34735300
2025-04-11,92.17256164550781,92.71883842681623,89.40142454507,90.06689270777089,25508100
2025-04-14,94.08951568603516,94.79471433090221,92.27188684736912,92.6393803568035,27742900
2025-04-15,93.33464813232422,95.38071756711352,93.23532577120238,94.1788995685754,21871200
2025-04-16,90.57344818115234,93.66242144119829,89.99736786112209,93.36444677144178,22229100
2025-04-17,92.5897216796875,93.23532841198106,91.00054112329532,91.20912036090205,21393900
2025-04-21,91.78519439697266,93.44390125234402,90.72242168441328,92.3910630488412,18361200
2025-04-22,94.20869445800781,94.6457219353939,92.25201289692419,92.25201289692419,15407800
2025-04-23,94.31795501708984,95.9468660338572,93.52336852817025,94.37754691986089,18046900
2025-04-24,95.19200134277344,95.56943693018118,93.02674807013571,94.06964424579004,13444500
2025-04-25,94.44706726074219,95.81774155884612,93.7220072309369,95.15227342798096,15317200
2025-04-28,94.57620239257812,95.3509274657879,93.70214737434277,94.45701100523397,12950000
2025-04-29,95.39066314697266,95.52971598424284,93.7816134299459,94.19877194175649,12679000
2025-04-30,96.59247589111328,97.11889125678478,94.28816211641201,95.29133545310933,21639900
2025-05-01,96.75139617919922,97.23808107461278,95.93693307979792,96.36402607147411,13171800
2025-05-02,98.08233642578125,98.54915989767525,97.18841994532585,97.28774231475177,16031400
2025-05-05,98.65840911865234,99.06563307502964,97.86381506930626,98.271046603494,12439100
2025-05-06,97.88368225097656,98.79746008610486,97.7446294316227,98.0723924613509,10626000
2025-05-07,98.16178894042969,98.55908596189789,97.64530053917791,97.88368329874507,11301300
2025-05-08,96.77125549316406,98.6584107073929,96.70172908106245,98.08233039123063,14461100
2025-05-09,96.29833221435547,96.77623531039197,95.87020657625087,96.32820020834116,13697800
2025-05-12,96.32820129394531,97.54288370393755,95.20313046305279,97.24418856844893,26783900
2025-05-13,95.46198272705078,96.89570709215587,94.81482265303787,96.07928240561151,19746700
2025-05-14,96.40784454345703,96.90566465458161,95.41220432120788,95.61132932720488,25620100
2025-05-15,95.929931640625,96.29832124880949,91.48937726525956,93.88887379064772,44026100
2025-05-16,97.81169128417969,98.75755403343601,95.58145935937782,95.72084837991969,33746200
2025-05-19,97.69222259521484,97.85152108283005,95.3922884869383,96.22863023434763,20041600
2025-05-20,97.37362670898438,98.38917649699208,96.09920071373095,98.1303078858792,15609600
2025-05-21,96.00959014892578,97.33379351191205,95.56155507237004,96.70653528937522,15742300
2025-05-22,95.51176452636719,96.53727271523083,95.4022434968641,96.11910565501822,13712200
2025-05-23,95.91998291015625,96.11911552794858,94.58582855354467,94.92434260959263,13668600
2025-05-27,97.15457916259766,97.37362123691199,96.15893889471975,96.87580110297303,17180900
2025-05-28,96.81605529785156,97.81169554286153,96.63683974990448,97.09483335107319,11220100
2025-05-29,96.67666625976562,97.34374340077137,96.42775619854268,97.2043543741771,14338000
2025-05-30,98.28960418701172,98.49868772264,96.1788441762711,96.53727526481445,29980100
2025-06-02,99.33502197265625,99.47441859269138,97.62252716525725,98.40907625893918,16999200
2025-06-03,99.54411315917969,100.4501418150458,98.14025679407446,99.13589702028851,15598600
2025-06-04,98.91685485839844,99.69345301870474,98.88698686702236,99.35493898826644,11115600
2025-06-05,97.53292083740234,99.15581175786579,97.18444825891419,98.86708276149882,15817100
2025-06-06,97.04505920410156,98.13030346200746,96.54723906462931,97.94113697437811,15599300
2025-06-09,97.02513885498047,97.42339647228155,96.3481031844083,96.97536140040049,13655700
2025-06-10,96.89571380615234,97.66235349575592,96.05937959931207,96.86584581249842,17162500
2025-06-11,95.38233947753906,96.86584133072888,94.93429680506229,96.86584133072888,16389600
2025-06-12,94.41656494140625,94.8446905446387,93.02266709859374,94.47630092451195,17845700
2025-06-13,94.02826690673828,94.90442758529099,93.60014129873512,94.10791235305601,18694700
2025-06-16,93.87891387939453,95.36241562692996,93.68973981363509,94.33690745258896,14881700
2025-06-17,93.83909606933594,94.40661072315135,93.21184542968706,93.54040094790363,14935600
2025-06-18,94.67543029785156,95.07368792789516,93.67979002080881,94.15770069608763,11333700
2025-06-20,95.7009506225586,95.8901171186397,94.78495575194339,94.82478227641647,20604900
2025-06-23,97.44331359863281,97.50304958262313,95.25290050002309,95.50181056149245,20432400
2025-06-24,97.57274627685547,98.67790758217167,96.82601607575708,97.30392674675831,22403700
2025-06-25,96.83597564697266,98.13030345178619,96.72645460860957,97.88139338207598,11154700
2025-06-26,95.60137176513672,96.91561656795477,95.50180926113107,96.47754003110352,19361400
2025-06-27,96.8459243774414,97.33379357219049,95.74077068151067,95.90006917251249,31431900
2025-06-30,97.35370635986328,97.71213747202401,95.89011391789576,96.80610875793572,17803000
2025-07-01,97.81169128417969,98.75755403343601,96.99526662266362,97.17448216280772,15635800
2025-07-02,97.18444061279297,97.95108022515049,96.63683546387195,97.70217017493765,12502000
2025-07-03,97.9311752319336,98.05065479609497,96.99527096966672,97.27404902324436,7686200
2025-07-07,98.91685485839844,98.91685485839844,97.19440152256668,97.80174266765383,12930900
2025-07-08,96.66670989990234,98.7376434788272,96.08924431796548,98.38917090452071,16875000
2025-07-09,96.38793182373047,96.86584249421958,95.95980620504753,96.72645346452117,13702600
2025-07-10,94.4464340209961,96.35806146372182,94.32695445727616,96.2385894961341,18894800
2025-07-11,93.98844146728516,95.1135122193439,93.81918444723011,94.59578262972485,14595000
2025-07-14,95.36241912841797,95.42215511090095,93.96852130013625,94.09795939035875,13779100
2025-07-15,94.97412109375,95.3624201764207,94.52608602793985,95.18320463087022,10450800
2025-07-16,94.73516845703125,95.41220411051087,94.19752182666814,95.00398797414678,11181600
2025-07-17,94.67543029785156,95.21307695899054,94.476305280896,94.66547936429653,11165100
2025-07-18,94.63561248779297,95.06373811581729,94.01831277413642,94.67543141474783,14636300
2025-07-21,95.25289916992188,96.21867141031821,94.68538454154174,94.84469062480107,13450400
2025-07-22,95.43211364746094,96.24853832469739,95.32259261547892,95.42215511833565,9049100
2025-07-23,95.26286315917969,95.87020434318461,94.87456405414474,95.59142627763465,9729700
2025-07-24,96.17884826660156,96.5372793703884,94.93429793293402,95.15334000704068,14991500
2025-07-25,97.04505920410156,97.22427475815687,96.10915491113133,96.41780096684172,12868500
2025-07-28,97.18444061279297,97.70217017493765,96.65675252172285,96.85587752344036,12293100
2025-07-29,97.90130615234375,98.28960523638933,96.9156168502599,97.35370098451938,14034300
2025-07-30,97.16453552246094,98.4489124512886,96.86584798309605,98.18009290624693,13864100
2025-07-31,97.55284118652344,98.20000131291124,96.88575640391335,97.0151945060971,15651300
2025-08-01,98.06060791015625,98.39912955140925,97.24418319389392,97.5727463055456,16750400
2025-08-04,99.15580749511719,99.47441966304625,97.7718681742371,97.7718681742371,19050200
2025-08-05,98.87702941894531,100.03197573899531,98.47877940140052,99.23546051164138,17977000
2025-08-06,102.90937805175781,103.23794116117384,99.02637951209924,99.02637951209924,23738400
2025-08-07,102.67042541503906,103.44702359541756,101.66482663463836,103.0089394542267,12509500
2025-08-08,103.27776336669922,104.26344505761853,102.70029021600627,102.91933227979546,12394700
2025-08-11,103.47689056396484,103.87514817964129,102.66046587008765,103.44702257211225,12856700
2025-08-12,103.16825103759766,103.85523768200413,102.9193409615916,103.79550169452514,17915300
2025-08-13,100.5497055053711,102.36177043462577,100.4103164797463,101.70465182755628,19398500
2025-08-14,100.41031646728516,100.99774815760154,100.2808859709731,100.77870608989483,10858400
2025-08-15,99.79656982421875,100.56500006176066,99.33750651669223,100.42528547311667,13604900
2025-08-18,100.4951400756836,100.67477420111067,99.71672807012425,99.79656715117491,11656100
2025-08-19,101.08394622802734,102.22162651198065,100.59494516903402,100.75461572112665,16999000
2025-08-20,102.36134338378906,102.44118246855348,100.72468021548957,100.94423389165462,18655000
2025-08-21,97.7607192993164,99.24768606409707,96.75277180794707,99.20777413620785,51825100
2025-08-22,96.63301849365234,98.84850351853576,96.56316120069988,97.87049380332749,32695200
2025-08-25,95.87456512451172,97.38149547329967,95.87456512451172,96.80267353616601,18956100
2025-08-26,95.85460662841797,96.27375038677074,95.22588337701491,96.08413447109376,22270400
2025-08-27,95.8845443725586,96.12405400390095,95.40551749599997,95.70491024558335,12925700
2025-08-28,95.91448211669922,96.3735454158477,95.50531253322784,95.8047052827861,19241600
2025-08-29,96.78271484375,96.83260855934691,95.60511503865368,95.90450017385682,15600300
2025-09-02,97.65093994140625,97.65093994140625,96.31366958930022,97.03220609473732,15351300
2025-09-03,99.23770904541016,99.23770904541016,97.30165320167563,97.65093966475304,18995900
2025-09-04,100.72467803955078,101.14382180469796,99.4472831664123,99.70675637935419,15640900
2025-09-05,100.30553436279297,101.27356230734831,99.34748820709488,100.87437450567226,13748500
2025-09-08,102.07192993164062,102.15176901446499,100.215713132281,100.64483868511948,13685700
2025-09-09,102.0819091796875,102.28149926790671,101.34341671662783,101.79249822205796,11819700
2025-09-10,100.20574188232422,102.24158525665365,100.18577830409839,101.74260239524709,17934900
2025-09-11,102.44117736816406,102.5709101640414,100.07599599342791,100.78455070421728,15900800
2025-09-12,103.27946472167969,103.76847338038394,102.15176625922922,102.33140038380196,11641900
2025-09-15,103.47906494140625,103.76847590547561,103.19963576613212,103.43914540009938,10756900
2025-09-16,103.20960998535156,103.99800379528428,102.920199021158,103.63873553724218,14481900
2025-09-17,104.05787658691406,105.89413737056609,103.51898182777715,103.51898182777715,25382000
2025-09-18,103.38924407958984,104.42712931204294,101.91225912046836,103.56887820855046,14869400
2025-09-19,102.12183380126953,103.72855921716187,101.8823165468405,103.5988188008776,34791600
2025-09-22,102.61083221435547,102.99005643657019,101.7126615681901,102.24158216707804,12861900
2025-09-23,102.31143951416016,102.47111767972763,101.12386551671665,102.20167029267503,13158700
2025-09-24,102.5210189819336,103.2595114627964,102.27152755870807,102.83038591029354,11391800
2025-09-25,102.84037017822266,103.2994334943591,102.37132507303184,103.01002252277597,13366700
2025-09-26,102.95014190673828,103.27946479044608,102.26154315977196,102.67070512420388,11859300
2025-09-29,102.87030792236328,103.099835773474,101.87234220549256,102.84037016907702,15477200
2025-09-30,102.850341796875,103.72855647884923,102.51103711620242,102.79046629178549,13873400
2025-10-01,101.75257873535156,102.65074936055977,100.34545110075354,102.3513566141991,16142800
2025-10-02,101.49311065673828,101.93221800988408,99.66683917607337,101.24361922679165,15605400
2025-10-03,101.86235809326172,102.61083236384428,100.9941251983913,101.25359841074464,11867500
2025-10-06,102.49107360839844,102.86032365574128,101.37335690530485,101.67274204483034,13303600
2025-10-07,103.02997589111328,103.03995767991614,100.74463354319167,102.17172478704231,15538900
2025-10-08,102.690673828125,103.04994209544607,101.94219954018513,102.81042484131589,13584100
2025-10-09,101.5629653930664,103.23954806461093,100.16581951167433,102.92019934688216,19508000
2025-10-10,101.63282012939453,103.4191795915026,101.31347141970265,101.84239962020298,18519400
2025-10-13,101.91226196289062,102.24158486360854,100.86439491241546,101.16378767365813,10871200
2025-10-14,106.99189758300781,107.70045228852622,102.6806862328139,103.83833005402624,30859500
2025-10-15,108.80819702148438,109.33711761439032,107.08172065648473,107.1016766200076,21416300
2025-10-16,106.25341033935547,109.3570843059063,105.44506055086686,108.97785246330739,16366200
2025-10-17,107.51084899902344,107.97988648580669,106.0039186490948,106.95198302549329,13735600
2025-10-20,106.83222961425781,108.02978539059006,106.39312227646148,107.63059759385466,10581200
2025-10-21,106.00391387939453,107.2613527459156,105.96399433923328,107.11165637377937,10899700
2025-10-22,106.92204284667969,107.55075848702862,105.44505789713409,106.33324674738252,12296500
2025-10-23,106.64261627197266,107.35117101169193,105.56481147893174,107.13161733749388,11408200
2025-10-24,105.95401763916016,106.95198334949725,105.29536422955222,106.85218830123837,10318000
2025-10-27,104.25747680664062,106.14363135080069,103.93812809053611,106.12366777324004,16375900
2025-10-28,102.96012115478516,103.92814911811166,102.84037014167207,103.84831003345347,13323000
2025-10-29,102.2515640258789,103.45910160115457,101.90227755598495,102.70065315620599,11986400
2025-10-30,102.02203369140625,103.15971394495,101.7525786970084,101.9920883256824,14065100
2025-10-31,100.97416687011719,101.89229345986908,99.9762011993763,101.49310566879795,20237000
2025-11-03,101.38333129882812,101.59291079498404,100.19575729923076,100.61490106379453,14811700
2025-11-04,102.06195068359375,102.41124477617736,101.25360088802708,101.92223609210998,12636400
2025-11-05,101.26358032226562,102.47111789993706,100.64483885017303,101.53302770989725,13356800
2025-11-06,101.47315216064453,101.72264358436624,99.82650724130652,101.13383986516854,14866000
2025-11-07,102.38129425048828,102.76052607730023,101.52305078056239,101.92223095676091,17248700
2025-11-10,102.2116470336914,102.46113846324867,101.39331544929854,101.9421996398742,14507600
2025-11-11,103.22957611083984,103.52896125734829,102.11185176780215,102.29148590125688,13182100
2025-11-12,103.22957611083984,103.38924666620285,102.45116407049406,103.1397552371754,12084400
2025-11-13,102.33140563964844,103.71857737858919,101.81245920250741,103.3792650752471,18088500
2025-11-14,102.27153015136719,102.28150432655978,98.67884747474339,99.99616191821406,23424200
2025-11-17,102.74056243896484,103.10981247698973,101.89229314423754,102.37132001481378,15289400
2025-11-18,101.1837387084961,103.12976872014482,101.17375691990785,102.77050808357984,17604500
2025-11-19,100.40532684326172,101.50308755940522,99.47721846398495,101.3733547630731,22157000
2025-11-20,106.89210510253906,107.69048069588757,102.47111681454754,103.72855570921556,50375900
2025-11-21,105.10574340820312,107.9299880641229,104.50696553269024,107.76033572860443,41420800
2025-11-24,103.84830474853516,106.05380795632709,103.54891961711417,105.1456631596475,42519200
2025-11-25,106.7823257446289,107.2014694949884,104.01796421330698,104.39718842355504,20212900
2025-11-26,108.87805938720703,109.36706046197568,106.95198522787419,106.98192298149024,17783300
2025-11-28,110.28519439697266,110.47480270728015,108.77826402040156,109.07765678343861,9846500
2025-12-01,111.30311584472656,111.5326513110733,110.13549777639021,110.2851941575838,17236800
2025-12-02,112.18132781982422,112.42083745557261,110.56462064730597,111.24323762682145,18711800
2025-12-03,114.17726135253906,114.65628063299626,111.99171399556478,112.27114317814386,24478300
2025-12-04,114.60637664794922,114.65627797820041,112.92980159129489,113.38886489688463,25905100
2025-12-05,114.8758316040039,116.03346784941175,114.44670605118377,114.49660738141537,23956400
2025-12-08,113.3289794921875,114.75607071042629,112.07154822505665,114.336926954716,22700700
2025-12-09,114.825927734375,115.48458873227048,112.79007685070786,113.71818522982268,24326700
2025-12-10,112.94976043701172,115.9935589270215,112.76014451386791,115.1153442209863,22859600
2025-12-11,115.28499603271484,115.63429012402182,112.62042940131778,112.90984037229758,21586600
2025-12-12,116.69999694824219,116.94999694824219,115.0199966430664,115.26000213623047,19092400
2025-12-15,116.79000091552734,117.44999694824219,115.63999938964844,116.93000030517578,18713700
2025-12-16,115.41999816894531,116.87999725341797,114.94999694824219,116.58000183105469,19642300
2025-12-17,115.66000366210938,116.38999938964844,115.06999969482422,115.19999694824219,16177800
2025-12-18,114.83000183105469,116.4800033569336,114.61000061035156,115.01000213623047,21476700
2025-12-19,114.36000061035156,115.27999877929688,113.52999877929688,115.13999938964844,50043800
2025-12-22,112.5999984741211,114.31999969482422,112.22000122070312,114.01000213623047,21473900
2025-12-23,110.9000015258789,112.3499984741211,110.69999694824219,111.98999786376953,20319900
2025-12-24,111.61000061035156,111.70999908447266,110.55000305175781,110.9000015258789,9009600
2025-12-26,111.73999786376953,111.97000122070312,111.36000061035156,111.72000122070312,9003800
2025-12-29,112.52999877929688,112.77999877929688,111.56999969482422,111.58999633789062,12979600
2025-12-30,111.91999816894531,112.69000244140625,111.83999633789062,111.88999938964844,11730600
2025-12-31,111.41000366210938,112.25,111.31999969482422,111.7300033569336,11487400
2026-01-02,112.76000213623047,112.79000091552734,111.12000274658203,111.43000030517578,14306600
2026-01-05,112.70999908447266,113.7300033569336,112.1500015258789,112.81999969482422,19557600
2026-01-06,114.33999633789062,114.79000091552734,111.98999786376953,112.4000015258789,20120800
2026-01-07,112.72000122070312,114.7300033569336,112.0999984741211,114.19000244140625,23306000
2026-01-08,113.06999969482422,113.47000122070312,109.80999755859375,111.29000091552734,24058300
2026-01-09,114.52999877929688,115.45999908447266,112.26000213623047,112.26000213623047,21902900
2026-01-12,117.97000122070312,118.83999633789062,116.41000366210938,117.5,49182100
2026-01-13,120.36000061035156,120.51000213623047,117.7300033569336,117.88999938964844,31222100
2026-01-14,120.04000091552734,121.23999786376953,119.02999877929688,120.19000244140625,32764000
2026-01-15,119.19999694824219,120.87000274658203,118.7300033569336,119.9800033569336,34559400
2026-01-16,119.69999694824219,120.5999984741211,116.9000015258789,118.66999816894531,415038700
